lad_code,lad_name,social_exclusion,mental_health,bivariate_category,fill_color,sample_size
E06000001,Hartlepool,0.1921701,11.914583,3-2,#5698b9,24
E06000002,Middlesbrough,0.3016696,12.753125,3-3,#7a6faa,32
E06000003,Redcar and Cleveland,-0.14810045,11.47193,2-2,#a5add3,57
E06000004,Stockton-on-Tees,-0.17551653,11.419737,2-2,#a5add3,76
E06000005,Darlington,-0.30144349,11.830189,2-2,#a5add3,53
E06000006,Halton,-0.014674066,11.190244,3-1,#5ac8c8,41
E06000007,Warrington,-0.22033197,11.429167,2-2,#a5add3,60
E06000008,Blackburn with Darwen,-0.040384702,11.462185,3-2,#5698b9,119
E06000009,Blackpool,-0.072876722,11.956364,3-2,#5698b9,55
E06000010,"Kingston upon Hull, City of",0.23030788,12.663571,3-3,#7a6faa,70
E06000011,East Riding of Yorkshire,-0.22174647,11.584058,2-2,#a5add3,138
E06000012,North East Lincolnshire,-0.17828734,10.974091,2-1,#ace4e4,110
E06000013,North Lincolnshire,-0.15770781,10.808824,2-1,#ace4e4,51
E06000014,York,-0.38518465,11.70241,1-2,#dfb0d6,83
E06000015,Derby,-0.080919139,12.28647,3-3,#7a6faa,85
E06000016,Leicester,0.084842816,11.5768,3-2,#5698b9,125
E06000017,Rutland,-0.33960465,11.023529,1-1,#e8e8e8,17
E06000018,Nottingham,0.26273745,11.88508,3-2,#5698b9,124
E06000019,"Herefordshire, County of",-0.50618804,11.228847,1-1,#e8e8e8,52
E06000020,Telford and Wrekin,-0.005230932,12.343221,3-3,#7a6faa,59
E06000021,Stoke-on-Trent,0.28602064,13.404301,3-3,#7a6faa,93
E06000022,Bath and North East Somerset,-0.41538081,12.120886,1-3,#d477a4,79
E06000023,"Bristol, City of",-0.097821064,12.838021,3-3,#7a6faa,192
E06000024,North Somerset,-0.56952232,11.736842,1-2,#dfb0d6,76
E06000025,South Gloucestershire,-0.31117001,10.754787,2-1,#ace4e4,94
E06000026,Plymouth,-0.26012495,11.465095,2-2,#a5add3,106
E06000027,Torbay,0.13583104,12.006667,3-3,#7a6faa,60
E06000030,Swindon,-0.24167748,11.660795,2-2,#a5add3,88
E06000031,Peterborough,-2.5195585e-4,11.544512,3-2,#5698b9,82
E06000032,Luton,0.11148687,11.594348,3-2,#5698b9,115
E06000033,Southend-on-Sea,-0.10415483,11.99434,3-2,#5698b9,53
E06000034,Thurrock,-0.032126777,9.8925924,3-1,#5ac8c8,54
E06000035,Medway,0.03327636,10.778421,3-1,#5ac8c8,95
E06000036,Bracknell Forest,-0.25141403,11.838372,2-2,#a5add3,43
E06000037,West Berkshire,-0.53384542,10.623469,1-1,#e8e8e8,49
E06000038,Reading,-0.20549785,11.488406,2-2,#a5add3,69
E06000039,Slough,-0.13411878,11.700714,2-2,#a5add3,70
E06000040,Windsor and Maidenhead,-0.3934038,11.511594,1-2,#dfb0d6,69
E06000041,Wokingham,-0.28927958,12.063266,2-3,#ad6aaa,49
E06000042,Milton Keynes,-0.44378608,11.301291,1-2,#dfb0d6,155
E06000043,Brighton and Hove,-0.32015616,12.861268,2-3,#ad6aaa,71
E06000044,Portsmouth,-0.044173434,12.071918,3-3,#7a6faa,73
E06000045,Southampton,-0.27400714,12.711321,2-3,#ad6aaa,53
E06000046,Isle of Wight,-0.28275257,13.678333,2-3,#ad6aaa,30
E06000047,County Durham,-0.093441069,11.132456,3-1,#5ac8c8,171
E06000049,Cheshire East,-0.35664594,11.330117,1-2,#dfb0d6,171
E06000050,Cheshire West and Chester,-0.317173,11.661047,2-2,#a5add3,172
E06000051,Shropshire,-0.44971836,11.051852,1-1,#e8e8e8,135
E06000052,Cornwall,-0.27267843,12.084009,2-3,#ad6aaa,222
E06000054,Wiltshire,-0.40139991,11.337136,1-2,#dfb0d6,206
E06000055,Bedford,-0.10902786,12.366814,3-3,#7a6faa,113
E06000056,Central Bedfordshire,-0.22474363,11.77069,2-2,#a5add3,87
E06000057,Northumberland,-0.12019444,11.604964,2-2,#a5add3,141
E06000058,"Bournemouth, Christchurch and Poole",-0.25648803,11.276056,2-2,#a5add3,142
E06000059,Dorset,-0.46727863,11.416433,1-2,#dfb0d6,143
E06000060,Buckinghamshire,-0.47229075,11.516949,1-2,#dfb0d6,236
E06000061,North Northamptonshire,-0.3097091,11.875961,2-2,#a5add3,156
E06000062,West Northamptonshire,-0.29354945,11.807065,2-2,#a5add3,184
E07000008,Cambridge,-0.38273713,13.2,1-3,#d477a4,27
E07000009,East Cambridgeshire,-0.25494871,10.994118,2-1,#ace4e4,17
E07000010,Fenland,-0.54134196,9.5418921,1-1,#e8e8e8,37
E07000011,Huntingdonshire,-0.41959187,11.285384,1-2,#dfb0d6,130
E07000012,South Cambridgeshire,-0.74705774,10.97653,1-1,#e8e8e8,49
E07000026,Allerdale,0.038296092,12.539535,3-3,#7a6faa,43
E07000027,Barrow-in-Furness,-0.52617514,13.211538,1-3,#d477a4,13
E07000028,Carlisle,-0.039642937,11.52258,3-2,#5698b9,31
E07000029,Copeland,-0.069503628,12.409091,3-3,#7a6faa,22
E07000030,Eden,-0.39162275,10.3125,1-1,#e8e8e8,24
E07000031,South Lakeland,-0.52034205,10.538182,1-1,#e8e8e8,55
E07000032,Amber Valley,0.081818976,11.773149,3-2,#5698b9,54
E07000033,Bolsover,-0.14271422,12.108109,2-3,#ad6aaa,37
E07000034,Chesterfield,-0.018832108,11.536905,3-2,#5698b9,42
E07000035,Derbyshire Dales,-0.66344982,11.182222,1-1,#e8e8e8,45
E07000036,Erewash,0.062292624,14.042188,3-3,#7a6faa,64
E07000037,High Peak,-0.53555548,11.121642,1-1,#e8e8e8,67
E07000038,North East Derbyshire,-0.36225685,11.563829,1-2,#dfb0d6,94
E07000039,South Derbyshire,-0.27367285,11.264286,2-2,#a5add3,35
E07000040,East Devon,-0.39998972,11.564634,1-2,#dfb0d6,41
E07000041,Exeter,-0.40656596,11.197675,1-1,#e8e8e8,43
E07000042,Mid Devon,-0.65804082,10.656,1-1,#e8e8e8,25
E07000043,North Devon,-0.10424962,12.073438,3-3,#7a6faa,32
E07000044,South Hams,-0.63600028,9.8233337,1-1,#e8e8e8,30
E07000045,Teignbridge,-0.17300446,11.766875,2-2,#a5add3,80
E07000046,Torridge,-0.15924612,11.329412,2-2,#a5add3,17
E07000047,West Devon,-0.53063983,11.075424,1-1,#e8e8e8,59
E07000061,Eastbourne,-0.17425117,11.137777,2-1,#ace4e4,45
E07000062,Hastings,-0.10233117,11.4275,3-2,#5698b9,40
E07000063,Lewes,-0.46807587,11.186486,1-1,#e8e8e8,37
E07000064,Rother,-0.36650667,11.041667,1-1,#e8e8e8,48
E07000065,Wealden,-0.55031347,12.594444,1-3,#d477a4,54
E07000066,Basildon,-0.087869957,10.680392,3-1,#5ac8c8,51
E07000067,Braintree,-0.12635602,11.766129,2-2,#a5add3,62
E07000068,Brentwood,-0.089991637,11.085185,3-1,#5ac8c8,27
E07000069,Castle Point,-0.0020719944,13.047728,3-3,#7a6faa,22
E07000070,Chelmsford,-0.51139587,10.542683,1-1,#e8e8e8,82
E07000071,Colchester,-0.29021659,10.416667,2-1,#ace4e4,51
E07000072,Epping Forest,-0.44512314,10.058537,1-1,#e8e8e8,41
E07000073,Harlow,-0.075943381,11.106482,3-1,#5ac8c8,54
E07000074,Maldon,-0.11717213,13.944445,2-3,#ad6aaa,18
E07000075,Rochford,-0.096525311,13.792308,3-3,#7a6faa,26
E07000076,Tendring,-0.3680751,11.39,1-2,#dfb0d6,45
E07000077,Uttlesford,-0.37756807,10.565517,1-1,#e8e8e8,29
E07000078,Cheltenham,-0.31502473,12.625758,2-3,#ad6aaa,33
E07000079,Cotswold,-0.38942203,11.189189,1-1,#e8e8e8,37
E07000080,Forest of Dean,-0.48012149,11.420967,1-2,#dfb0d6,31
E07000081,Gloucester,-0.011935144,10.16875,3-1,#5ac8c8,32
E07000082,Stroud,-0.48934728,12.597273,1-3,#d477a4,55
E07000083,Tewkesbury,-0.39442474,11.697102,1-2,#dfb0d6,69
E07000084,Basingstoke and Deane,-0.23820925,12.611267,2-3,#ad6aaa,71
E07000085,East Hampshire,-0.53004849,10.476583,1-1,#e8e8e8,79
E07000086,Eastleigh,-0.37666398,11.340278,1-2,#dfb0d6,72
E07000087,Fareham,-0.37431228,10.577537,1-1,#e8e8e8,69
E07000088,Gosport,0.018960146,10.391304,3-1,#5ac8c8,23
E07000089,Hart,-0.44493169,11.832609,1-2,#dfb0d6,23
E07000090,Havant,-0.4987489,9.9611111,1-1,#e8e8e8,45
E07000091,New Forest,-0.36395004,11.079851,1-1,#e8e8e8,67
E07000092,Rushmoor,-0.16465355,12.779412,2-3,#ad6aaa,17
E07000093,Test Valley,-0.44862017,9.6543474,1-1,#e8e8e8,23
E07000094,Winchester,-0.56259978,10.84898,1-1,#e8e8e8,49
E07000095,Broxbourne,0.30105567,15.2,3-3,#7a6faa,18
E07000096,Dacorum,-0.052807748,11.501613,3-2,#5698b9,31
E07000098,Hertsmere,-0.21789502,9.5444441,2-1,#ace4e4,45
E07000099,North Hertfordshire,-0.62411278,9.2448721,1-1,#e8e8e8,39
E07000102,Three Rivers,-0.21152812,11.255173,2-1,#ace4e4,29
E07000103,Watford,-0.29498231,10.843549,2-1,#ace4e4,31
E07000105,Ashford,-0.19863944,12.234782,2-3,#ad6aaa,23
E07000106,Canterbury,-0.13608775,11.072657,2-1,#ace4e4,64
E07000107,Dartford,-0.43696815,12.12,1-3,#d477a4,30
E07000108,Dover,0.011032249,12.705556,3-3,#7a6faa,45
E07000109,Gravesham,0.075230978,12.152223,3-3,#7a6faa,45
E07000110,Maidstone,-0.24501219,11.095454,2-1,#ace4e4,44
E07000111,Sevenoaks,-0.58546656,11.447727,1-2,#dfb0d6,44
E07000112,Folkestone and Hythe,-0.43245381,9.3157892,1-1,#e8e8e8,19
E07000113,Swale,-0.24772555,11.631731,2-2,#a5add3,52
E07000114,Thanet,-0.14313014,11.008333,2-1,#ace4e4,48
E07000115,Tonbridge and Malling,-0.14872646,13.178125,2-3,#ad6aaa,48
E07000116,Tunbridge Wells,-0.36541295,11.379069,1-2,#dfb0d6,43
E07000117,Burnley,-0.0035714826,12.903846,3-3,#7a6faa,26
E07000118,Chorley,-0.29169059,11.15,2-1,#ace4e4,23
E07000119,Fylde,-0.23678946,11.241177,2-1,#ace4e4,51
E07000120,Hyndburn,0.42697254,13.235228,3-3,#7a6faa,44
E07000121,Lancaster,-0.2188168,10.722826,2-1,#ace4e4,46
E07000122,Pendle,-0.15199406,10.828379,2-1,#ace4e4,37
E07000123,Preston,-0.042852875,11.035107,3-1,#5ac8c8,47
E07000124,Ribble Valley,-0.69614524,10.65625,1-1,#e8e8e8,32
E07000125,Rossendale,-0.1117802,10.014,3-1,#5ac8c8,25
E07000126,South Ribble,-0.29338241,10.661628,2-1,#ace4e4,43
E07000127,West Lancashire,-0.26187721,11.077084,2-1,#ace4e4,24
E07000128,Wyre,-0.21334638,11.5025,2-2,#a5add3,20
E07000129,Blaby,-0.21203405,11.359091,2-2,#a5add3,33
E07000130,Charnwood,-0.47116518,12.526583,1-3,#d477a4,79
E07000131,Harborough,-0.46910921,11.741304,1-2,#dfb0d6,23
E07000132,Hinckley and Bosworth,-0.13739055,11.27439,2-2,#a5add3,41
E07000133,Melton,-0.55663818,10.538889,1-1,#e8e8e8,18
E07000134,North West Leicestershire,-0.36252323,11.4125,1-2,#dfb0d6,60
E07000135,Oadby and Wigston,-0.26845643,9.7071428,2-1,#ace4e4,14
E07000136,Boston,0.064492792,10.922222,3-1,#5ac8c8,27
E07000137,East Lindsey,-0.052922495,12.315517,3-3,#7a6faa,58
E07000138,Lincoln,0.11275105,10.65,3-1,#5ac8c8,35
E07000139,North Kesteven,-0.34824538,10.153125,1-1,#e8e8e8,64
E07000140,South Holland,-0.36104414,11.869565,1-2,#dfb0d6,23
E07000141,South Kesteven,-0.33992928,11.534782,1-2,#dfb0d6,46
E07000142,West Lindsey,-0.037949257,10.818182,3-1,#5ac8c8,22
E07000143,Breckland,-0.15866746,11.994616,2-3,#ad6aaa,65
E07000144,Broadland,-0.40591449,11.356716,1-2,#dfb0d6,67
E07000145,Great Yarmouth,-0.13885529,9.8341465,2-1,#ace4e4,41
E07000146,King's Lynn and West Norfolk,-0.24464665,11.705814,2-2,#a5add3,43
E07000147,North Norfolk,-0.51855624,12.144792,1-3,#d477a4,48
E07000148,Norwich,-0.043832488,12.066667,3-3,#7a6faa,63
E07000149,South Norfolk,-0.34550193,10.842969,1-1,#e8e8e8,64
E07000163,Craven,-0.63396925,10.516129,1-1,#e8e8e8,31
E07000164,Hambleton,-0.65027237,11.485937,1-2,#dfb0d6,32
E07000165,Harrogate,-0.49911624,11.032759,1-1,#e8e8e8,58
E07000166,Richmondshire,-0.37850395,11.235,1-1,#e8e8e8,10
E07000167,Ryedale,-0.46559721,11.159303,1-1,#e8e8e8,43
E07000168,Scarborough,-0.29995984,11.41282,2-2,#a5add3,39
E07000169,Selby,-0.12781167,14.332609,2-3,#ad6aaa,23
E07000170,Ashfield,0.055167235,12.621428,3-3,#7a6faa,49
E07000171,Bassetlaw,-0.15260044,11.384286,2-2,#a5add3,35
E07000172,Broxtowe,-0.39206994,11.209848,1-1,#e8e8e8,66
E07000173,Gedling,-0.16225646,12.765,2-3,#ad6aaa,50
E07000174,Mansfield,-0.011742911,12.684091,3-3,#7a6faa,44
E07000175,Newark and Sherwood,-0.39271438,10.513637,1-1,#e8e8e8,33
E07000176,Rushcliffe,-0.5096814,10.92,1-1,#e8e8e8,25
E07000177,Cherwell,-0.24209118,12.081147,2-3,#ad6aaa,61
E07000178,Oxford,-0.2912662,12.392307,2-3,#ad6aaa,39
E07000179,South Oxfordshire,-0.5688647,12.075807,1-3,#d477a4,62
E07000180,Vale of White Horse,-0.53179675,11.861905,1-2,#dfb0d6,42
E07000181,West Oxfordshire,-0.72678334,11.217241,1-1,#e8e8e8,29
E07000187,Mendip,-0.33798209,12.029688,1-3,#d477a4,32
E07000188,Sedgemoor,-0.15704389,11.023,2-1,#ace4e4,50
E07000189,South Somerset,-0.4022457,10.82,1-1,#e8e8e8,60
E07000192,Cannock Chase,-0.058093067,13.828571,3-3,#7a6faa,42
E07000193,East Staffordshire,-0.22961505,11.434444,2-2,#a5add3,90
E07000194,Lichfield,-0.38117856,11.241526,1-1,#e8e8e8,59
E07000195,Newcastle-under-Lyme,-0.25003955,9.8965521,2-1,#ace4e4,29
E07000196,South Staffordshire,-0.30576,11.380487,2-2,#a5add3,41
E07000197,Stafford,-0.37639859,11.105333,1-1,#e8e8e8,75
E07000198,Staffordshire Moorlands,-0.27955037,13.380555,2-3,#ad6aaa,36
E07000199,Tamworth,-0.41041943,8.6079998,1-1,#e8e8e8,25
E07000200,Babergh,-0.50862026,11.051282,1-1,#e8e8e8,39
E07000202,Ipswich,-0.2663404,11.224324,2-1,#ace4e4,37
E07000203,Mid Suffolk,-0.52603924,10.825532,1-1,#e8e8e8,47
E07000207,Elmbridge,-0.22491544,12.217391,2-3,#ad6aaa,23
E07000208,Epsom and Ewell,-0.5453335,11.777632,1-2,#dfb0d6,38
E07000209,Guildford,-0.3933,11.944263,1-2,#dfb0d6,61
E07000210,Mole Valley,-0.60022819,13.216666,1-3,#d477a4,21
E07000211,Reigate and Banstead,-0.23726955,11.955358,2-2,#a5add3,28
E07000212,Runnymede,-0.11845463,12.834375,2-3,#ad6aaa,16
E07000213,Spelthorne,-0.22048748,11.862069,2-2,#a5add3,29
E07000214,Surrey Heath,-0.6235255,10.40625,1-1,#e8e8e8,16
E07000215,Tandridge,-0.63760239,11.357143,1-2,#dfb0d6,21
E07000216,Waverley,-0.56226534,11.088059,1-1,#e8e8e8,67
E07000217,Woking,-0.60479206,9.4441175,1-1,#e8e8e8,51
E07000218,North Warwickshire,-0.31314352,12.794444,2-3,#ad6aaa,9
E07000219,Nuneaton and Bedworth,-0.087197646,11.631035,3-2,#5698b9,29
E07000220,Rugby,-0.41981164,9.3083334,1-1,#e8e8e8,18
E07000221,Stratford-on-Avon,-0.54624045,11.656897,1-2,#dfb0d6,58
E07000222,Warwick,-0.35366288,12.077272,1-3,#d477a4,55
E07000223,Adur,-0.45886937,9.657692,1-1,#e8e8e8,13
E07000224,Arun,-0.083634436,14.043023,3-3,#7a6faa,43
E07000225,Chichester,-0.45479476,11.678,1-2,#dfb0d6,50
E07000226,Crawley,0.19084498,13.081579,3-3,#7a6faa,19
E07000227,Horsham,-0.48271048,10.888806,1-1,#e8e8e8,67
E07000228,Mid Sussex,-0.42424995,10.08125,1-1,#e8e8e8,40
E07000229,Worthing,0.074135885,13.529546,3-3,#7a6faa,22
E07000234,Bromsgrove,-0.49148744,10.834043,1-1,#e8e8e8,47
E07000235,Malvern Hills,-0.32543001,10.7725,2-1,#ace4e4,40
E07000236,Redditch,-0.24186148,13.236486,2-3,#ad6aaa,37
E07000237,Worcester,-0.12041523,12.075532,2-3,#ad6aaa,47
E07000238,Wychavon,-0.32854337,11.878125,2-2,#a5add3,32
E07000239,Wyre Forest,-0.11913528,12.34804,2-3,#ad6aaa,51
E07000240,St Albans,-0.51524067,12.237255,1-3,#d477a4,51
E07000241,Welwyn Hatfield,-0.52110785,11.444285,1-2,#dfb0d6,35
E07000242,East Hertfordshire,-0.30048198,11.65098,2-2,#a5add3,51
E07000243,Stevenage,-0.22183104,12.704412,2-3,#ad6aaa,34
E07000244,East Suffolk,-0.067540787,11.803774,3-2,#5698b9,106
E07000245,West Suffolk,-0.33384997,12.232693,1-3,#d477a4,52
E07000246,Somerset West and Taunton,-0.28112552,11.421538,2-2,#a5add3,65
E08000001,Bolton,0.18838112,12.007614,3-3,#7a6faa,197
E08000002,Bury,-0.22768274,11.832066,2-2,#a5add3,92
E08000003,Manchester,0.19426924,12.77668,3-3,#7a6faa,253
E08000004,Oldham,0.17585689,12.457639,3-3,#7a6faa,72
E08000005,Rochdale,0.071596958,12.2835,3-3,#7a6faa,100
E08000006,Salford,-0.0081241047,11.255555,3-1,#5ac8c8,45
E08000007,Stockport,-0.31087849,11.444068,2-2,#a5add3,118
E08000008,Tameside,-0.23352586,10.781132,2-1,#ace4e4,53
E08000009,Trafford,-0.2067703,12.013587,2-3,#ad6aaa,92
E08000010,Wigan,-0.26807329,10.885508,2-1,#ace4e4,69
E08000011,Knowsley,0.18882814,12.282394,3-3,#7a6faa,71
E08000012,Liverpool,0.2547338,12.522778,3-3,#7a6faa,90
E08000013,St. Helens,-0.025473699,11.697222,3-2,#5698b9,72
E08000014,Sefton,-0.053820197,10.974157,3-1,#5ac8c8,89
E08000015,Wirral,-0.18454798,11.933451,2-2,#a5add3,142
E08000016,Barnsley,0.067446962,10.611818,3-1,#5ac8c8,55
E08000017,Doncaster,0.17284547,12.38584,3-3,#7a6faa,113
E08000018,Rotherham,0.035278186,11.669014,3-2,#5698b9,71
E08000019,Sheffield,-0.1500417,12.188851,2-3,#ad6aaa,296
E08000021,Newcastle upon Tyne,-0.18106027,12.876373,2-3,#ad6aaa,91
E08000022,North Tyneside,-0.12990615,11.081197,2-1,#ace4e4,117
E08000023,South Tyneside,-0.20078927,12.045763000000001,2-3,#ad6aaa,59
E08000024,Sunderland,0.24368177,12.058572,3-3,#7a6faa,70
E08000025,Birmingham,0.050860148,12.290646,3-3,#7a6faa,449
E08000026,Coventry,-0.040843531,12.708029,3-3,#7a6faa,137
E08000027,Dudley,-0.13612632,11.881333,2-2,#a5add3,75
E08000028,Sandwell,0.073159598,12.764085,3-3,#7a6faa,142
E08000029,Solihull,-0.32963753,11.694445,1-2,#dfb0d6,90
E08000030,Walsall,-0.0046895971,11.945455,3-2,#5698b9,110
E08000031,Wolverhampton,0.019296374,12.731297,3-3,#7a6faa,131
E08000032,Bradford,0.11720119,12.480851,3-3,#7a6faa,329
E08000033,Calderdale,-0.051051617,12.106977,3-3,#7a6faa,86
E08000034,Kirklees,-0.12179861,11.881195,2-2,#a5add3,226
E08000035,Leeds,-0.078223228,11.49983,3-2,#5698b9,295
E08000036,Wakefield,-0.19677804,11.310385,2-2,#a5add3,130
E08000037,Gateshead,-0.011599329,12.273781,3-3,#7a6faa,82
E09000001,City of London,-0.77593082,10,1-1,#e8e8e8,2
E09000002,Barking and Dagenham,0.26072145,11.501333,3-2,#5698b9,75
E09000003,Barnet,-0.037961904,12.190458,3-3,#7a6faa,131
E09000004,Bexley,-0.1818866,11.161957,2-1,#ace4e4,92
E09000005,Brent,0.12685889,12.143209,3-3,#7a6faa,162
E09000006,Bromley,-0.31478724,12.757633,2-3,#ad6aaa,131
E09000007,Camden,0.17091933,12.851021,3-3,#7a6faa,49
E09000008,Croydon,-0.17795172,12.483019,2-3,#ad6aaa,106
E09000009,Ealing,-0.11030932,11.801328,3-2,#5698b9,113
E09000010,Enfield,0.09787295,11.649724,3-2,#5698b9,181
E09000011,Greenwich,0.15584449,11.158242,3-1,#5ac8c8,91
E09000012,Hackney,0.11350051,11.73018,3-2,#5698b9,111
E09000013,Hammersmith and Fulham,0.090082735,12.403704,3-3,#7a6faa,27
E09000014,Haringey,0.096654646,11.753774,3-2,#5698b9,106
E09000015,Harrow,-0.19183981,11.994488,2-3,#ad6aaa,127
E09000016,Havering,-0.22518225,11.694792,2-2,#a5add3,96
E09000017,Hillingdon,-0.084366009,11.673967,3-2,#5698b9,121
E09000018,Hounslow,0.15859462,13.293151,3-3,#7a6faa,73
E09000019,Islington,-0.0017156152,12.592143,3-3,#7a6faa,70
E09000020,Kensington and Chelsea,-0.061511282,10.847222,3-1,#5ac8c8,18
E09000021,Kingston upon Thames,-0.43836245,10.380158,1-1,#e8e8e8,63
E09000022,Lambeth,0.17513452,12.728572,3-3,#7a6faa,84
E09000023,Lewisham,0.1605652,11.511607,3-2,#5698b9,112
E09000024,Merton,-0.073068976,13.167683,3-3,#7a6faa,82
E09000025,Newham,0.095627338,12.164027,3-3,#7a6faa,221
E09000026,Redbridge,0.065049395,11.775,3-2,#5698b9,122
E09000027,Richmond upon Thames,-0.36236706,11.506897,1-2,#dfb0d6,58
E09000028,Southwark,0.12092366,11.536667,3-2,#5698b9,75
E09000029,Sutton,-0.25826931,11.402083,2-2,#a5add3,72
E09000030,Tower Hamlets,0.40050122,12.837284,3-3,#7a6faa,232
E09000031,Waltham Forest,0.0069904132,12.737676,3-3,#7a6faa,142
E09000032,Wandsworth,-0.26536685,12.727777,2-3,#ad6aaa,63
E09000033,Westminster,0.084430203,13.261,3-3,#7a6faa,50
